{"schemaVersion":"1.0","appDefinitionTemplate":{"id":"/providers/Microsoft.PowerApps/apps/","type":"Microsoft.PowerApps/apps","tags":{"primaryDeviceWidth":"1024","primaryDeviceHeight":"768","supportsPortrait":"false","supportsLandscape":"true","primaryFormFactor":"Tablet","publisherVersion":"3.22064.18","minimumRequiredApiVersion":"2.2.0","hasComponent":"false","hasUnlockedComponent":"false","isUnifiedRootApp":"false","sienaVersion":"20220719T140415Z-3.22064.18.0"},"properties":{"appVersion":"2022-07-19T14:04:15Z","lifeCycleId":"Published","createdByClientVersion":{"major":3,"minor":22064,"build":18,"revision":0,"majorRevision":0,"minorRevision":0},"minClientVersion":{"major":3,"minor":22064,"build":18,"revision":0,"majorRevision":0,"minorRevision":0},"backgroundColor":"rgba(104, 101, 171, 1)","backgroundImageUri":"/7801005388847480065/Nf9e1c832-4752-43d2-807f-b2bcf08bd51e-logoSmallFile","displayName":"IDT Brazil Ticket Manager","description":"","commitMessage":"","appUris":{"documentUri":{"value":"/7801005388847480065/Na574ec97-2127-47ae-99d8-305a086ed268-document.msapp"},"imageUris":[],"additionalUris":[]},"createdTime":"0001-01-01T00:00:00Z","lastModifiedTime":"0001-01-01T00:00:00Z","sharedGroupsCount":0,"sharedUsersCount":0,"icons":{"smallIconUri":"/7801005388847480065/N962c1307-b67e-4e06-a309-16405fc2a037-small.png","mediumIconUri":"/7801005388847480065/N53755d38-b679-482a-b625-59db1f746ecb-medium.png","largeIconUri":"/7801005388847480065/N98975f0a-8ac9-4f45-8956-9ddbd8e1718f-large.png","wideIconUri":"/7801005388847480065/Ne9c5353a-ad5e-44fa-96fe-6384fe7af6f1-wide.png"},"connectionReferences":{"8be94c8b-fbab-4f12-a129-6866ef141f6d":{"id":"da6b10e7-e1df-4490-85d3-7377ce1c3dea","displayName":"SharePoint","iconUri":"https://connectoricons-prod.azureedge.net/releases/v1.0.1578/1.0.1578.2813/sharepointonline/icon.png","dataSources":["Tickets","TicketTypes","Filter By","DropdownStatus","Attendants","AccountNameTypes","PriorityTypes"],"dependencies":[],"dependents":[],"parameterHints":{},"parameterHintsV2":{},"isOnPremiseConnection":false,"dataSets":{"https://primetals.sharepoint.com/sites/PTBRA_IDT":{"dataSources":{"Tickets":{"tableName":"adaba522-fe2c-49c6-b9be-aea3bca16108"},"TicketTypes":{"tableName":"73dc81aa-dbcf-4cd9-b611-71cac7639cd2"},"Filter By":{"tableName":"95894d03-0ae6-4188-9510-a394026a9fc3"},"DropdownStatus":{"tableName":"338bc732-a7bd-4890-9e02-9a063fcc3f45"},"Attendants":{"tableName":"d53b340f-aa0d-4a63-b61f-79c527599a9c"},"AccountNameTypes":{"tableName":"e7ea3d8f-9860-4684-923f-a662f40c39f8"},"PriorityTypes":{"tableName":"30304a8e-b16f-4dfd-b551-3e0d60e2bb4f"}}}},"apiTier":"Standard","isCustomApiConnection":false,"actions":["providers/PowerPlatform.Governance/Operations/Read"]}},"databaseReferences":{},"almMode":"Environment","performanceOptimizationEnabled":true,"canConsumeAppPass":true,"executionRestrictions":{"isTeamsOnly":false,"dataLossPreventionEvaluationResult":{"status":"Compliant","lastEvaluationDate":"2022-07-19T14:04:33.4963253Z","violations":[],"violationsByPolicy":[],"violationErrorMessage":"A aplicação utiliza os seguintes conectores: shared_sharepointonline."}}},"appType":"ClassicCanvasApp","appComponents":[]}}